feature,mutual_information,selected
V17,0.007702494837448004,True
V14,0.007611005523937231,True
V10,0.007273537700821064,True
V12,0.006950619068352704,True
V11,0.0063446498079116065,True
V16,0.005772515682159307,True
V4,0.0046196843294891154,True
V9,0.004364001785745919,True
V3,0.004239958476600081,True
V7,0.004001634750837035,True
V18,0.0037415904714089843,True
V2,0.0028889972436906275,True
V21,0.002259277558776973,True
V6,0.002028213779629917,True
V27,0.002017561422373748,True
V8,0.0019754749544588224,True
V5,0.001893569253777705,True
V1,0.001613351284232345,True
V19,0.0013216860986363654,True
Time,0.0013204322261972656,True
V28,0.0012218616687084127,False
V20,0.0009242151962339795,False
Amount,0.000906883300769934,False
V23,0.000461239085330023,False
V25,0.00040618802932179676,False
V26,0.00027274224142026515,False
V24,7.807975779827725e-05,False
V22,7.458233587609442e-05,False
V15,2.2057447135237496e-05,False
V13,0.0,False
