experiment,algorithm,imbalance,stage,partition,fit_seconds,train_average_precision,train_f1,threshold,accuracy,precision,recall,f1,roc_auc,average_precision,pr_auc,tn,fp,fn,tp,rows,fraud_rate
Logistic Regression | None | baseline,Logistic Regression,None,baseline,validation,21.80379170004744,0.7394796637743457,0.6822033898305084,0.5,0.9993127147766323,0.8985507246376812,0.6595744680851063,0.7607361963190185,0.9737027420972832,0.7972125757026726,0.7963629813061152,56644,7,32,62,56745,0.0016565336152965019
Logistic Regression | SMOTE | baseline,Logistic Regression,SMOTE,baseline,validation,3.815193900023587,0.7419134729109784,0.5212765957446809,0.5,0.9977619173495462,0.417910447761194,0.8936170212765957,0.5694915254237288,0.9778712287289439,0.8009133720676279,0.7999949884042303,56534,117,10,84,56745,0.0016565336152965019
Decision Tree | None | baseline,Decision Tree,None,baseline,validation,14.959992600022815,0.9068148472340833,0.9009009009009009,0.5,0.9993127147766323,0.7956989247311828,0.7872340425531915,0.7914438502673797,0.8651074496065307,0.7185089319332191,0.7568284238582668,56632,19,20,74,56745,0.0016565336152965019
Decision Tree | SMOTE | baseline,Decision Tree,SMOTE,baseline,validation,16.139523199992254,0.8750184991971083,0.5013477088948787,0.5,0.9953299850207067,0.23692307692307693,0.8191489361702128,0.36754176610978523,0.8948533142642314,0.5991695000923577,0.47732665947826264,56403,248,17,77,56745,0.0016565336152965019
Random Forest | None | baseline,Random Forest,None,baseline,validation,86.70869610004593,0.9758175499486419,0.8952380952380953,0.5,0.9995770552471583,0.9069767441860465,0.8297872340425532,0.8666666666666667,0.9736582366764479,0.8658817758207646,0.8656253297586968,56643,8,16,78,56745,0.0016565336152965019
Random Forest | SMOTE | baseline,Random Forest,SMOTE,baseline,validation,77.0347110000439,0.9957687069392892,0.9488054607508533,0.5,0.999488941756983,0.8421052631578947,0.851063829787234,0.8465608465608465,0.9771992344316469,0.8326448681488824,0.8316116212902136,56636,15,14,80,56745,0.0016565336152965019
Logistic Regression | None | tuned,Logistic Regression,None,tuned,validation,0.4892507999902591,0.742611821286341,0.6963906581740976,0.5,0.9993479601727024,0.9130434782608695,0.6702127659574468,0.7730061349693251,0.9801595960635425,0.7948969086486571,0.7939266204521098,56645,6,31,63,56745,0.0016565336152965019
Logistic Regression | SMOTE | tuned,Logistic Regression,SMOTE,tuned,validation,1.1955622000386938,0.7438713621087779,0.5450500556173526,0.5,0.997955767027932,0.4421052631578947,0.8936170212765957,0.5915492957746479,0.9781562887661933,0.8021036160766939,0.8011858460605882,56545,106,10,84,56745,0.0016565336152965019
Decision Tree | None | tuned,Decision Tree,None,tuned,validation,17.627306399983354,0.9142123522612132,0.8533333333333334,0.5,0.9994536963609129,0.8705882352941177,0.7872340425531915,0.8268156424581006,0.9412502154851071,0.83417943938542,0.863274116014556,56640,11,20,74,56745,0.0016565336152965019
Decision Tree | SMOTE | tuned,Decision Tree,SMOTE,tuned,validation,19.533083599992096,0.9731460998340501,0.6762936221419976,0.5,0.996951273239933,0.3333333333333333,0.8404255319148937,0.4773413897280967,0.9403031138396084,0.5508805397714359,0.6929095093606279,56493,158,15,79,56745,0.0016565336152965019
Random Forest | None | tuned,Random Forest,None,tuned,validation,40.68115019996185,0.918682289289147,0.8923076923076924,0.5,0.9995594325491233,0.9156626506024096,0.8085106382978723,0.8587570621468926,0.9670539702403331,0.8579066474386964,0.8575779531106892,56644,7,18,76,56745,0.0016565336152965019
Random Forest | SMOTE | tuned,Random Forest,SMOTE,tuned,validation,73.14736699999776,0.9994160987061573,0.961082910321489,0.5,0.9995594325491233,0.8709677419354839,0.8617021276595744,0.8663101604278075,0.9546015600558402,0.8398752266406029,0.8456695568824647,56639,12,13,81,56745,0.0016565336152965019
Logistic Regression | None | baseline,Logistic Regression,None,baseline,test,21.80379170004744,0.7394796637743457,0.6822033898305084,0.5,0.9991012582384662,0.8548387096774194,0.5578947368421052,0.6751592356687898,0.9581641611752104,0.691147216116386,0.6895931324029416,56642,9,42,53,56746,0.0016741268107003137
Logistic Regression | SMOTE | baseline,Logistic Regression,SMOTE,baseline,test,3.815193900023587,0.7419134729109784,0.5212765957446809,0.5,0.9974623762027279,0.3793103448275862,0.8105263157894737,0.5167785234899329,0.9618119808355685,0.6869241723395154,0.684927099556541,56525,126,18,77,56746,0.0016741268107003137
Decision Tree | None | baseline,Decision Tree,None,baseline,test,14.959992600022815,0.9068148472340833,0.9009009009009009,0.5,0.9992598597257957,0.8045977011494253,0.7368421052631579,0.7692307692307693,0.9091051488848156,0.6953856844596675,0.7302086700557293,56634,17,25,70,56746,0.0016741268107003137
Decision Tree | SMOTE | baseline,Decision Tree,SMOTE,baseline,test,16.139523199992254,0.8750184991971083,0.5013477088948787,0.5,0.9956825150671413,0.24489795918367346,0.7578947368421053,0.37017994858611825,0.8626870524885053,0.630323727167537,0.5237793767453911,56429,222,23,72,56746,0.0016741268107003137
Random Forest | None | baseline,Random Forest,None,baseline,test,86.70869610004593,0.9758175499486419,0.8952380952380953,0.5,0.9994889507630493,0.9583333333333334,0.7263157894736842,0.8263473053892215,0.9538359057163481,0.7791932181202941,0.7791147795419272,56648,3,26,69,56746,0.0016741268107003137
Random Forest | SMOTE | baseline,Random Forest,SMOTE,baseline,test,77.0347110000439,0.9957687069392892,0.9488054607508533,0.5,0.9994184612131252,0.8690476190476191,0.7684210526315789,0.8156424581005587,0.9761936659268335,0.7993010057492721,0.7988833086047504,56640,11,22,73,56746,0.0016741268107003137
Logistic Regression | None | tuned,Logistic Regression,None,tuned,test,0.4892507999902591,0.742611821286341,0.6963906581740976,0.5,0.9991012582384662,0.8666666666666667,0.5473684210526316,0.6709677419354839,0.9609563263156037,0.686495076949115,0.6846167330569013,56643,8,43,52,56746,0.0016741268107003137
Logistic Regression | SMOTE | tuned,Logistic Regression,SMOTE,tuned,test,1.1955622000386938,0.7438713621087779,0.5450500556173526,0.5,0.9978148239523491,0.4198895027624309,0.8,0.5507246376811594,0.9622804075554016,0.6882588656641977,0.6862830186912533,56546,105,19,76,56746,0.0016741268107003137
Decision Tree | None | tuned,Decision Tree,None,tuned,test,17.627306399983354,0.9142123522612132,0.8533333333333334,0.5,0.9992774821132767,0.8552631578947368,0.6842105263157895,0.7602339181286549,0.8890273688669964,0.6906732550238316,0.7454823860038244,56640,11,30,65,56746,0.0016741268107003137
Decision Tree | SMOTE | tuned,Decision Tree,SMOTE,tuned,test,19.533083599992096,0.9731460998340501,0.6762936221419976,0.5,0.9970570612906636,0.33783783783783783,0.7894736842105263,0.47318611987381703,0.8986859524939868,0.4956179643820509,0.6406360076632204,56504,147,20,75,56746,0.0016741268107003137
Random Forest | None | tuned,Random Forest,None,tuned,test,40.68115019996185,0.918682289289147,0.8923076923076924,0.5,0.9994537059880872,0.9571428571428572,0.7052631578947368,0.8121212121212121,0.9621821141262894,0.7761543818856329,0.7759270988754206,56648,3,28,67,56746,0.0016741268107003137
Random Forest | SMOTE | tuned,Random Forest,SMOTE,tuned,test,73.14736699999776,0.9994160987061573,0.961082910321489,0.5,0.9994008388256441,0.8588235294117647,0.7684210526315789,0.8111111111111111,0.9564270245612797,0.7907151930114109,0.7960971571914885,56639,12,22,73,56746,0.0016741268107003137
Always legitimate,Dummy reference,None,reference,validation,0.0,,,0.5,0.9983434663847035,0.0,0.0,0.0,0.5,0.0016565336152965019,0.5008282668076482,56651,0,94,0,56745,0.0016565336152965019
Random Forest | None | baseline | selected threshold,Random Forest,None,selected threshold,validation,86.70869610004593,0.9758175499486419,0.8952380952380953,0.25946229880048227,0.9996475460392986,0.9021739130434783,0.8829787234042553,0.8924731182795699,0.9736582366764479,0.8658817758207646,0.8656253297586968,56642,9,11,83,56745,0.0016565336152965019
Always legitimate,Dummy reference,None,reference,test,0.0,,,0.5,0.9983258731892997,0.0,0.0,0.0,0.5,0.0016741268107003137,0.5008370634053502,56651,0,95,0,56746,0.0016741268107003137
Random Forest | None | baseline | selected threshold,Random Forest,None,selected threshold,test,86.70869610004593,0.9758175499486419,0.8952380952380953,0.25946229880048227,0.9994360836006062,0.8795180722891566,0.7684210526315789,0.8202247191011236,0.9538359057163481,0.7791932181202941,0.7791147795419272,56641,10,22,73,56746,0.0016741268107003137
