,Time,V1,V2,V3,V4,V5,V6,V7,V8,V9,V10,V11,V12,V13,V14,V15,V16,V17,V18,V19,V20,V21,V22,V23,V24,V25,V26,V27,V28,Amount,Class
Time,1.0,0.1174002475671834,-0.00924729460663412,-0.4209972170650891,-0.10762583601979468,0.17597879739610572,-0.06504950347779824,0.08596121174553761,-0.039159879726299564,-0.00861591508495217,0.030386303539548062,-0.24899169238755428,0.12666014973041548,-0.06542767002018592,-0.09925041692928599,-0.18510238605802556,0.011981959208300353,-0.07246664314524758,0.08864988099072932,0.027475329150590526,-0.049791347628637274,0.047057925155360135,0.14312987372982341,0.051956733664020135,-0.018200710602742094,-0.2324251603528486,-0.04016347368850626,-0.0035365708294400056,-0.00857802676311889,-0.012286502024010782,-0.011190710568375924
V1,0.1174002475671834,1.0,0.02029498958935446,-0.012650563679077832,0.0004030375355492098,-0.02116369990728452,0.009447195875965276,-0.003013289401786095,-0.006620344894769373,-0.00257922178283953,-0.0008077911528697738,0.001166808294450477,0.0017933691514702228,-0.002278266479428125,0.0013923719423369581,-0.0007215098812043265,-0.0021766053027158943,-0.0006286007982226019,-0.003986856801839451,-0.002228690815038222,-0.0046182564210653235,-0.008226810350391153,0.0014318730869567683,-0.014344425327746182,-0.002252315691229545,-0.004341350836801597,-0.0034718559697939173,-0.016973222375840376,-0.01227543522818129,-0.23209316764955792,-0.09760869830018509
V2,-0.00924729460663412,0.02029498958935446,1.0,0.005858804892543729,-0.006165416284699731,-0.010537019607871435,0.01007283566878578,0.02166657848475766,0.005552401321650324,-0.001454698353008291,0.0024830489470037504,0.000909112454551638,-0.0014628588195748425,0.0016371765740723753,0.0007272431703251346,-0.0019165388582439284,0.006081540368095275,0.0033816714840704176,-0.0012224607832033924,-0.00022379960135679593,-0.010355629066726614,-0.0004996129348358024,-0.00121295235375088,-0.02429812515626617,0.0006010279788300442,-0.005647741201729247,0.0004920645614159092,0.016193521326158804,-0.009147613618473917,-0.5386120843573959,0.08545845133986106
V3,-0.4209972170650891,-0.012650563679077832,0.005858804892543729,1.0,0.002347814533360413,-0.021119431685788115,0.008406323523853816,9.36125653512721e-05,-0.011836378264594249,-0.005543869061205288,-0.010542422772232312,0.0016893114542451322,-0.004323079395088789,-0.0013683434294073924,-4.957635216682573e-05,-0.00040578332120159885,0.0034541956769136494,-0.005983898775718223,-0.003170579464921115,0.0005008995942705907,-0.010669010579008686,-0.0058710306232579975,0.005254247717535106,-0.0016606735182216547,0.001897867548971681,-0.0002232192768407076,0.001048591465557054,-0.00660571355919495,-0.00553264046855481,-0.20370181991852543,-0.18903743744849297
V4,-0.10762583601979468,0.0004030375355492098,-0.006165416284699731,0.002347814533360413,1.0,0.007007404276542036,-0.0031097264072723813,0.0032852868280325185,0.0013313689588817063,0.0015339196016466879,0.007336076900197823,-1.2850549609467117e-05,0.001607887807004926,-0.00036063175915977664,0.0023997320369133317,-0.0018085790584156448,0.005725943473201316,0.002107776793706793,0.001973676412799365,-0.0004383709457059768,0.002651805385992137,0.0024942954676037206,0.0003383616191329583,0.006945010244825325,-0.00021298139587034914,0.0024781650435346894,0.002337838564864761,-0.0004147376421431857,0.0007316101652775035,0.10161138324368964,0.12693634738995047
V5,0.17597879739610572,-0.02116369990728452,-0.010537019607871435,-0.021119431685788115,0.007007404276542036,1.0,0.014969678345007877,0.022357294855260498,-0.007839089812243035,-0.001410899901391333,-0.008408182698349661,0.0011140859086639216,-0.0031093716505723877,0.002718809709049007,-0.0007537007246245797,0.004002212893081623,0.0054655742573126356,-0.0030609162898669797,-0.005648149415361307,0.002383389807126431,-0.024928304953325542,-0.013359438084252225,0.003993324700148521,0.01462331438661745,0.0009301317747742178,0.0069561134615590105,0.003297539166550805,0.01641160800112283,-0.008826305249433971,-0.36193725884997224,-0.09307006681696749
V6,-0.06504950347779824,0.009447195875965276,0.01007283566878578,0.008406323523853816,-0.0031097264072723813,0.014969678345007877,1.0,-0.017392392355206003,0.009262817641096953,0.0015886678024999337,0.004146319596128586,0.0005651977921333782,0.0004550640145735463,-0.001938830039741766,0.0026577833672111147,-0.002855339764876952,-0.005530011803534878,0.00048127159463764356,0.003550572415365568,-0.0026808687568285285,0.017470329932220065,0.011591856018455728,-0.002020324476783932,-0.0071958408060112545,-0.0010945099055880813,-0.003621389031805221,-0.0036515947857593506,-0.018028384218210194,0.005430625838348158,0.1966471669229422,-0.04566486942310789
V7,0.08596121174553761,-0.003013289401786095,0.02166657848475766,9.36125653512721e-05,0.0032852868280325185,0.022357294855260498,-0.017392392355206003,1.0,-0.01499762758173317,-0.00541351493743193,-0.01544151139892314,-0.0007137472399144496,-0.0043681558971424405,-0.0037798098595368122,0.0035987812386896194,-0.006379389305934984,-0.014730512089199966,-0.0024898753514230945,-0.0033889048821049146,-0.0064557464857596825,0.04000300966159168,0.010419477625142181,-0.0018066250529287953,-0.008752431563101924,-0.006090341221207854,-0.007099771255083605,-0.005552863451986185,-0.05062457671988814,0.014606078579562348,0.3801048789812878,-0.17685002831691587
V8,-0.039159879726299564,-0.006620344894769373,0.005552401321650324,-0.011836378264594249,0.0013313689588817063,-0.007839089812243035,0.009262817641096953,-0.01499762758173317,1.0,-0.006539704377241864,-0.012229808489118782,0.0055977674476440096,-0.009490975055763573,-0.0030208544846544064,-0.009688582161381009,-0.0016056635368258717,-0.008587027127883024,-0.011547786862372272,-0.00626858804983369,-0.0044096226526800526,0.0032684289763951595,-0.004942088077352155,0.0026138169064493285,0.006696942196780555,-7.732744069968337e-05,-0.000800374222933058,4.4977323251637304e-05,0.007472833357610443,0.000749253430263199,-0.09877645195793724,0.04613110143651816
V9,-0.00861591508495217,-0.00257922178283953,-0.001454698353008291,-0.005543869061205288,0.0015339196016466879,-0.001410899901391333,0.0015886678024999337,-0.00541351493743193,-0.006539704377241864,1.0,-0.014660183955047604,0.0015086159089003244,-0.0014291521079800211,0.0018981292931479121,0.0019157959721294996,0.0003347361860151127,0.0008867206071122522,-0.0018938167466886649,-0.0013123688589066443,-7.014535469367513e-05,-0.005187359680171337,-0.0025298837679990412,0.0002226522313425509,0.0011596958620390503,0.0013307258094410858,-0.002483932529673464,-0.0017284739079504727,0.007709314086042506,0.005796203707692627,-0.04200832360801271,-0.09296227104329259
V10,0.030386303539548062,-0.0008077911528697738,0.0024830489470037504,-0.010542422772232312,0.007336076900197823,-0.008408182698349661,0.004146319596128586,-0.01544151139892314,-0.012229808489118782,-0.014660183955047604,1.0,-0.0008070640595056652,-0.005665719253500931,0.000799487685188994,0.0034756632332825256,-0.003978891194551171,-3.177324316770503e-05,-0.00610019886668567,-0.0030101306957152772,0.0005114207615540482,-0.008895529676816902,-0.0044627757855190756,-0.00213513797763895,0.0012979876810198644,0.002306043492468703,-0.002140571019561967,0.003171055925788396,0.0038828185290334526,0.009572065041949601,-0.10097559891565872,-0.20803798329414064
V11,-0.24899169238755428,0.001166808294450477,0.000909112454551638,0.0016893114542451322,-1.2850549609467117e-05,0.0011140859086639216,0.0005651977921333782,-0.0007137472399144496,0.0055977674476440096,0.0015086159089003244,-0.0008070640595056652,1.0,0.003953357990504006,0.0008617903936707929,0.0060670005564948705,0.0006806903091354615,-0.00010445999715347615,0.004135403450010885,0.0023790082922722482,0.0029619189307618548,0.00025234311943299803,-0.0008335433526415241,0.0004148366615676723,0.0020886357355037297,-0.0031395005070538693,-0.0029546135810431338,-0.00026260749127567275,-0.003902768545088731,0.0035075638437051734,-0.0025312289213691146,0.15074099457729748
V12,0.12666014973041548,0.0017933691514702228,-0.0014628588195748425,-0.004323079395088789,0.001607887807004926,-0.0031093716505723877,0.0004550640145735463,-0.0043681558971424405,-0.009490975055763573,-0.0014291521079800211,-0.005665719253500931,0.003953357990504006,1.0,-0.0016915596081815993,-0.008173585488870377,0.001307329951218802,-0.005005140690056364,-0.010943299820922306,-0.003898368374517592,0.001716882072038701,-0.0026383202596554985,0.0016007393574294594,0.0024869415905992994,0.003530993858414457,0.0003162185263961338,-0.003340116944727871,0.001667707012639899,0.002518991710316528,-0.0028664718497838056,-0.006996614226712318,-0.2507189145156641
V13,-0.06542767002018592,-0.002278266479428125,0.0016371765740723753,-0.0013683434294073924,-0.00036063175915977664,0.002718809709049007,-0.001938830039741766,-0.0037798098595368122,-0.0030208544846544064,0.0018981292931479121,0.000799487685188994,0.0008617903936707929,-0.0016915596081815993,1.0,-0.0030833042792285724,0.00037380241467797605,-0.000569973472973322,-0.0014287836528382996,0.0006068312306894913,0.0010340090588077011,0.003295154296593922,-5.7452915585628e-05,-0.0008013644394652631,-0.000740681272798243,0.0011421286871109249,0.0020686115721820953,0.00010669985486430538,-0.0020922627589943284,-0.00031467552712653106,0.004007240084316175,0.00023262522511496956
V14,-0.09925041692928599,0.0013923719423369581,0.0007272431703251346,-4.957635216682573e-05,0.0023997320369133317,-0.0007537007246245797,0.0026577833672111147,0.0035987812386896194,-0.009688582161381009,0.0019157959721294996,0.0034756632332825256,0.0060670005564948705,-0.008173585488870377,-0.0030833042792285724,1.0,0.0012495471365367948,-0.009941520007896935,-0.005225174888656399,-0.0032668959747516484,0.0017548378334783193,-0.0008575045643876169,0.009176535285610861,-0.002935619037542024,0.0030475447153394315,0.0010180764131992993,0.0024357244671177887,0.000944962581193313,-0.0002082511275843314,-0.0033620196661704447,0.0377422157647383,-0.2986593941871904
V15,-0.18510238605802556,-0.0007215098812043265,-0.0019165388582439284,-0.00040578332120159885,-0.0018085790584156448,0.004002212893081623,-0.002855339764876952,-0.006379389305934984,-0.0016056635368258717,0.0003347361860151127,-0.003978891194551171,0.0006806903091354615,0.001307329951218802,0.00037380241467797605,0.0012495471365367948,1.0,-0.0022668760756869685,0.00037037761874416855,0.0014183595296259441,0.0025691031933750353,0.0035047373042529553,0.0005818919873362544,0.0024524488668763943,0.000225710477099022,-0.0024130186932463872,0.0008425024074525013,-0.004159273616245732,-0.0023210018262505797,0.0018162195558090977,-0.004878471612409187,-0.007054305824167151
V16,0.011981959208300353,-0.0021766053027158943,0.006081540368095275,0.0034541956769136494,0.005725943473201316,0.0054655742573126356,-0.005530011803534878,-0.014730512089199966,-0.008587027127883024,0.0008867206071122522,-3.177324316770503e-05,-0.00010445999715347615,-0.005005140690056364,-0.000569973472973322,-0.009941520007896935,-0.0022668760756869685,1.0,-0.006700257414780428,-0.0044308066694400475,-0.0006537324130064269,0.004585584272531725,0.007958267964954127,-0.0035268249085403324,0.0036072561438519894,-0.0002815209756223496,-0.0025769409923801206,-0.0054499879060371115,-0.0076135859841739515,0.0028596396715648608,-0.013565209956561427,-0.18710295298829874
V17,-0.07246664314524758,-0.0006286007982226019,0.0033816714840704176,-0.005983898775718223,0.002107776793706793,-0.0030609162898669797,0.00048127159463764356,-0.0024898753514230945,-0.011547786862372272,-0.0018938167466886649,-0.00610019886668567,0.004135403450010885,-0.010943299820922306,-0.0014287836528382996,-0.005225174888656399,0.00037037761874416855,-0.006700257414780428,1.0,-0.002594939345531868,0.0023755361623177644,-0.0001259020564838956,0.0021982597268989427,0.00011207068880540024,0.0019921020087743857,0.0016974250069294878,-0.0002605387566286677,0.00210524974464925,-0.0017412625109057957,-0.004441117152254664,0.009889605149512606,-0.31969035383378025
V18,0.08864988099072932,-0.003986856801839451,-0.0012224607832033924,-0.003170579464921115,0.001973676412799365,-0.005648149415361307,0.003550572415365568,-0.0033889048821049146,-0.00626858804983369,-0.0013123688589066443,-0.0030101306957152772,0.0023790082922722482,-0.003898368374517592,0.0006068312306894913,-0.0032668959747516484,0.0014183595296259441,-0.0044308066694400475,-0.002594939345531868,1.0,0.0016644139207905265,0.0003208165266578136,0.0012556949084324169,-0.001299311697919575,0.0002160613404624487,-0.0002942373508020746,0.0007029823155576189,-0.0023135322705235793,-0.0042141002080335575,0.002392924432388233,0.0422808326204814,-0.10496243568330638
V19,0.027475329150590526,-0.002228690815038222,-0.00022379960135679593,0.0005008995942705907,-0.0004383709457059768,0.002383389807126431,-0.0026808687568285285,-0.0064557464857596825,-0.0044096226526800526,-7.014535469367513e-05,0.0005114207615540482,0.0029619189307618548,0.001716882072038701,0.0010340090588077011,0.0017548378334783193,0.0025691031933750353,-0.0006537324130064269,0.0023755361623177644,0.0016644139207905265,1.0,-0.0014376983058930278,-0.00041381639976919237,0.0008820699848158817,-0.004912278349292428,0.00017423780073193737,-0.0011731289760478875,0.001293442787451365,-0.0011445557852657157,0.0015256180850547953,-0.06044049305355921,0.03436744178844318
V20,-0.049791347628637274,-0.0046182564210653235,-0.010355629066726614,-0.010669010579008686,0.002651805385992137,-0.024928304953325542,0.017470329932220065,0.04000300966159168,0.0032684289763951595,-0.005187359680171337,-0.008895529676816902,0.00025234311943299803,-0.0026383202596554985,0.003295154296593922,-0.0008575045643876169,0.0035047373042529553,0.004585584272531725,-0.0001259020564838956,0.0003208165266578136,-0.0014376983058930278,1.0,0.004342550689447051,0.0009933000931767932,0.019410712438266597,0.0011153099100913004,0.005958979989626153,-0.00020096986057733526,0.013085044415945976,0.0033119295459827737,0.3830123116552323,0.021354848801777158
V21,0.047057925155360135,-0.008226810350391153,-0.0004996129348358024,-0.0058710306232579975,0.0024942954676037206,-0.013359438084252225,0.011591856018455728,0.010419477625142181,-0.004942088077352155,-0.0025298837679990412,-0.0044627757855190756,-0.0008335433526415241,0.0016007393574294594,-5.7452915585628e-05,0.009176535285610861,0.0005818919873362544,0.007958267964954127,0.0021982597268989427,0.0012556949084324169,-0.00041381639976919237,0.004342550689447051,1.0,0.012416282898114374,-0.00021469796614273075,0.0022026939165489144,6.426564975641856e-05,0.0013935747944791813,-0.0005395902167261748,-0.007696361658837013,0.12499971134008897,0.028795646793838788
V22,0.14312987372982341,0.0014318730869567683,-0.00121295235375088,0.005254247717535106,0.0003383616191329583,0.003993324700148521,-0.002020324476783932,-0.0018066250529287953,0.0026138169064493285,0.0002226522313425509,-0.00213513797763895,0.0004148366615676723,0.0024869415905992994,-0.0008013644394652631,-0.002935619037542024,0.0024524488668763943,-0.0035268249085403324,0.00011207068880540024,-0.001299311697919575,0.0008820699848158817,0.0009933000931767932,0.012416282898114374,1.0,-0.006194599474558796,-0.0006437953450501467,0.0017303216728564218,-0.002972536148629272,-0.0011144988198843967,0.00258108132507831,-0.06986388983559984,0.004464794405376093
V23,0.051956733664020135,-0.014344425327746182,-0.02429812515626617,-0.0016606735182216547,0.006945010244825325,0.01462331438661745,-0.0071958408060112545,-0.008752431563101924,0.006696942196780555,0.0011596958620390503,0.0012979876810198644,0.0020886357355037297,0.003530993858414457,-0.000740681272798243,0.0030475447153394315,0.000225710477099022,0.0036072561438519894,0.0019921020087743857,0.0002160613404624487,-0.004912278349292428,0.019410712438266597,-0.00021469796614273075,-0.006194599474558796,1.0,-0.002857875704454252,-0.0017733063913277951,-0.0017403062893733225,-0.007496615727444945,0.00894050262070366,-0.10565584321012525,-0.00531138042981243
V24,-0.018200710602742094,-0.002252315691229545,0.0006010279788300442,0.001897867548971681,-0.00021298139587034914,0.0009301317747742178,-0.0010945099055880813,-0.006090341221207854,-7.732744069968337e-05,0.0013307258094410858,0.002306043492468703,-0.0031395005070538693,0.0003162185263961338,0.0011421286871109249,0.0010180764131992993,-0.0024130186932463872,-0.0002815209756223496,0.0016974250069294878,-0.0002942373508020746,0.00017423780073193737,0.0011153099100913004,0.0022026939165489144,-0.0006437953450501467,-0.002857875704454252,1.0,0.0007527706210935304,1.964171210933071e-05,-0.003330093726335709,0.0008423270353691597,0.0027963671686519367,-0.0072569235949869115
V25,-0.2324251603528486,-0.004341350836801597,-0.005647741201729247,-0.0002232192768407076,0.0024781650435346894,0.0069561134615590105,-0.003621389031805221,-0.007099771255083605,-0.000800374222933058,-0.002483932529673464,-0.002140571019561967,-0.0029546135810431338,-0.003340116944727871,0.0020686115721820953,0.0024357244671177887,0.0008425024074525013,-0.0025769409923801206,-0.0002605387566286677,0.0007029823155576189,-0.0011731289760478875,0.005958979989626153,6.426564975641856e-05,0.0017303216728564218,-0.0017733063913277951,0.0007527706210935304,1.0,-5.0161354962813465e-05,-0.004031503813587259,0.00719092724002801,-0.04973476149101856,0.00657145156231079
V26,-0.04016347368850626,-0.0034718559697939173,0.0004920645614159092,0.001048591465557054,0.002337838564864761,0.003297539166550805,-0.0036515947857593506,-0.005552863451986185,4.4977323251637304e-05,-0.0017284739079504727,0.003171055925788396,-0.00026260749127567275,0.001667707012639899,0.00010669985486430538,0.000944962581193313,-0.004159273616245732,-0.0054499879060371115,0.00210524974464925,-0.0023135322705235793,0.001293442787451365,-0.00020096986057733526,0.0013935747944791813,-0.002972536148629272,-0.0017403062893733225,1.964171210933071e-05,-5.0161354962813465e-05,1.0,-0.004493408242520332,-0.001323325120182747,-0.007728668838519919,0.004913101046851096
V27,-0.0035365708294400056,-0.016973222375840376,0.016193521326158804,-0.00660571355919495,-0.0004147376421431857,0.01641160800112283,-0.018028384218210194,-0.05062457671988814,0.007472833357610443,0.007709314086042506,0.0038828185290334526,-0.003902768545088731,0.002518991710316528,-0.0020922627589943284,-0.0002082511275843314,-0.0023210018262505797,-0.0076135859841739515,-0.0017412625109057957,-0.0042141002080335575,-0.0011445557852657157,0.013085044415945976,-0.0005395902167261748,-0.0011144988198843967,-0.007496615727444945,-0.003330093726335709,-0.004031503813587259,-0.004493408242520332,1.0,-0.01244415688391901,-0.006184044756884319,0.02490721870157693
V28,-0.00857802676311889,-0.01227543522818129,-0.009147613618473917,-0.00553264046855481,0.0007316101652775035,-0.008826305249433971,0.005430625838348158,0.014606078579562348,0.000749253430263199,0.005796203707692627,0.009572065041949601,0.0035075638437051734,-0.0028664718497838056,-0.00031467552712653106,-0.0033620196661704447,0.0018162195558090977,0.0028596396715648608,-0.004441117152254664,0.002392924432388233,0.0015256180850547953,0.0033119295459827737,-0.007696361658837013,0.00258108132507831,0.00894050262070366,0.0008423270353691597,0.00719092724002801,-0.001323325120182747,-0.01244415688391901,1.0,0.030460924060811505,0.009341450795143357
Amount,-0.012286502024010782,-0.23209316764955792,-0.5386120843573959,-0.20370181991852543,0.10161138324368964,-0.36193725884997224,0.1966471669229422,0.3801048789812878,-0.09877645195793724,-0.04200832360801271,-0.10097559891565872,-0.0025312289213691146,-0.006996614226712318,0.004007240084316175,0.0377422157647383,-0.004878471612409187,-0.013565209956561427,0.009889605149512606,0.0422808326204814,-0.06044049305355921,0.3830123116552323,0.12499971134008897,-0.06986388983559984,-0.10565584321012525,0.0027963671686519367,-0.04973476149101856,-0.007728668838519919,-0.006184044756884319,0.030460924060811505,1.0,0.0050934245200312
Class,-0.011190710568375924,-0.09760869830018509,0.08545845133986106,-0.18903743744849297,0.12693634738995047,-0.09307006681696749,-0.04566486942310789,-0.17685002831691587,0.04613110143651816,-0.09296227104329259,-0.20803798329414064,0.15074099457729748,-0.2507189145156641,0.00023262522511496956,-0.2986593941871904,-0.007054305824167151,-0.18710295298829874,-0.31969035383378025,-0.10496243568330638,0.03436744178844318,0.021354848801777158,0.028795646793838788,0.004464794405376093,-0.00531138042981243,-0.0072569235949869115,0.00657145156231079,0.004913101046851096,0.02490721870157693,0.009341450795143357,0.0050934245200312,1.0
